ssn,name,gender,email,phoneNumber,streetAddress,city,zip,occupation
241-36-8494,Mason Cozins,Male,mcozins0@abc.net.au,948-615-4205,59159 Ridgeview Junction,San Agustin,48040,Geological Engineer
889-30-4906,Balduin Pawlowicz,Male,bpawlowicz1@histats.com,597-394-2007,890 Novick Avenue,Kafir Qala,,Senior Quality Engineer
486-55-9800,Mufi Wateridge,Female,mwateridge2@histats.com,361-417-8318,024 Manley Place,Niquelândia,76420-000,Executive Secretary
735-89-9560,Burr Beyn,Male,bbeyn3@phpbb.com,540-129-8281,3 Dahle Point,Coayllo,,Research Nurse
459-58-9680,Wade Pauli,,wpauli4@blog.com,619-916-7915,40567 Green Ridge Hill,Paris 02,75075 CEDEX 02,Staff Accountant III
698-88-0859,Dieter Ralling,Male,dralling5@aol.com,742-911-1092,860 Corben Crossing,Azul,7300,Staff Scientist
882-33-4687,Kelcey Lambdon,,klambdon6@tinypic.com,336-488-4261,2229 Dovetail Terrace,Winston Salem,27150,Registered Nurse
745-10-8866,Richy Crumbie,Male,rcrumbie7@prlog.org,571-368-9531,21138 Browning Trail,Ängelholm,262 34,Civil Engineer
565-35-3897,Sterling Raspin,Male,sraspin8@bravesites.com,141-293-6619,483 Kenwood Pass,Sebewe,,Community Outreach Specialist
865-16-9392,Cullan Cousin,Male,ccousin9@google.nl,772-168-0967,47156 Kim Court,Leceia,2730-060,Food Chemist
139-54-8369,Ann Lanston,Female,alanstona@mapy.cz,460-328-4533,7 Lyons Terrace,Prévost,T7Z,Business Systems Development Analyst
624-44-8693,Tito Alabone,Male,talaboneb@1und1.de,150-517-7976,90 Lerdahl Drive,Jiefang,,Recruiting Manager
704-68-0490,Persis Darque,Female,pdarquec@gmpg.org,753-840-9675,4911 Nova Drive,Prochnookopskaya,352947,Information Systems Manager
334-03-0836,Geordie Tabb,Male,gtabbd@usatoday.com,526-111-4497,38 Maywood Parkway,Izlake,1411,Systems Administrator II
835-74-6455,Peggy Boor,Bigender,pboore@about.com,476-399-9725,279 Texas Way,Zhangxiang,,Assistant Manager
834-76-9671,Ynes Gommey,,ygommeyf@noaa.gov,718-343-0544,8153 Rutledge Alley,Bergen,5098,Senior Editor
614-48-9685,Richie Domaschke,Male,rdomaschkeg@cnn.com,166-296-8165,2191 Carberry Place,Karlstad,653 44,Nurse Practicioner
350-62-6951,Ninnetta Vears,,nvearsh@hhs.gov,806-352-8810,39 Basil Parkway,Schengen,L-5445,Structural Engineer
771-91-7568,Care Branni,Male,cbrannii@shutterfly.com,534-487-9559,9431 Waxwing Hill,San Rafael del Sur,,Physical Therapy Assistant
150-06-1325,Ellynn Albany,Bigender,ealbanyj@scientificamerican.com,630-496-0407,9 Kedzie Hill,San Francisco,87504,Paralegal
897-07-7913,Aldwin Hostan,Male,ahostank@hexun.com,782-369-1863,978 Sunnyside Pass,Pacho,254008,Data Coordiator
783-63-0194,Pancho Sussex,Male,psussexl@nymag.com,820-246-1269,9 Golden Leaf Pass,Toul,54204 CEDEX,Engineer I
841-03-7109,Mala O'Malley,Female,momalleym@tamu.edu,500-876-6706,43355 Loftsgordon Pass,Haguenau,67504 CEDEX,Cost Accountant
334-61-1076,Wat Aldwinckle,Male,waldwincklen@over-blog.com,467-929-9086,941 Hagan Way,Jiangyin,,Assistant Media Planner
350-56-4860,Elbertina Corr,Female,ecorro@hubpages.com,128-348-6020,14157 Pennsylvania Parkway,Rrapë,,Assistant Media Planner
764-23-2608,Clarette Neilson,,cneilsonp@histats.com,339-777-2121,45 Oakridge Crossing,Abucay,2114,Social Worker
418-30-4317,Andrey Hethron,Male,ahethronq@amazon.co.uk,205-552-3120,006 Corscot Center,Guzhu,,Software Test Engineer IV
281-72-6363,Atalanta Josowitz,Bigender,ajosowitzr@umich.edu,558-342-6121,4 Onsgard Plaza,Hezheng Chengguanzhen,,Director of Sales
633-23-2715,Lydon Heasman,Male,lheasmans@hud.gov,650-844-1265,0 Anzinger Junction,San Quintin,2808,Research Nurse
423-60-0972,Flossy Eyers,,feyerst@hostgator.com,371-576-4647,1908 Comanche Road,Bendo,,Automation Specialist I
187-13-3211,Maryellen Brogioni,,mbrogioniu@businessweek.com,891-234-5098,937 Sutteridge Way,Dinskaya,353226,Product Engineer
341-41-9580,Angelina Guthrie,,aguthriev@paginegialle.it,406-700-0069,93090 Grasskamp Terrace,Janas,2710-257,Assistant Manager
815-99-0271,Caril Salsberg,,csalsbergw@pinterest.com,847-628-4471,7 Arkansas Junction,Rungis,94631 CEDEX 1,Associate Professor
519-76-0696,Virgie Rachuig,Male,vrachuigx@booking.com,894-320-3225,085 Sullivan Trail,Gaoleshan,,Occupational Therapist
586-12-6663,Katee Argabrite,Female,kargabritey@multiply.com,664-644-3845,6502 Hollow Ridge Plaza,Acaraú,62580-000,Account Executive
551-64-6365,Hobey Cossentine,Agender,hcossentinez@amazonaws.com,255-536-3131,6 Johnson Center,Ash Shaddādah,,Technical Writer
293-11-6353,Nils Sidden,Male,nsidden10@twitter.com,693-402-9380,744 South Way,Nugas,3102,Geological Engineer
886-39-6778,Fionnula Leversuch,Female,fleversuch11@ihg.com,737-566-4158,3 High Crossing Place,Balung,,Software Consultant
566-13-6687,Horatius Vergo,,hvergo12@uiuc.edu,906-630-4284,78203 Vidon Lane,Chigang,,Design Engineer
736-15-3642,Hillyer Scotson,Male,hscotson13@yale.edu,890-740-9958,0009 Karstens Avenue,Shevchenkove,,VP Accounting
872-60-9397,Belia Skett,Polygender,bskett14@multiply.com,911-448-5502,51230 Moose Way,Matwaḩ,,Product Engineer
499-36-8432,Lavinie Alvar,Genderqueer,lalvar15@blog.com,626-193-2673,9244 Gerald Alley,Keffin Hausa,,Accountant II
580-08-4362,Celka Challenger,Female,cchallenger16@i2i.jp,213-771-9658,9961 Stoughton Park,Vyritsa,188382,Occupational Therapist
577-56-6135,Andriette Fernandes,Female,afernandes17@artisteer.com,381-639-4952,4877 Wayridge Park,Shums’k,,Associate Professor
177-10-1755,Stephie Androli,Bigender,sandroli18@printfriendly.com,708-323-4975,24184 Chive Trail,Leeuwarden,8934,Safety Technician I
401-88-9744,Shelton Stanbrooke,Male,sstanbrooke19@state.tx.us,398-301-8176,63171 Sunbrook Way,Dzhubga,352844,Human Resources Manager
769-02-8612,Lida Caudelier,Female,lcaudelier1a@dagondesign.com,295-816-7941,7 Mallory Way,Divinópolis,35500-000,Office Assistant I
791-02-5013,Dev Dunbobin,Male,ddunbobin1b@irs.gov,437-932-6757,75 Ryan Place,Troyan,5667,Systems Administrator III
247-59-3402,Jamima de Wilde,Female,jde1c@infoseek.co.jp,919-189-0104,9 Amoth Parkway,Isugod,4336,Marketing Manager
879-17-2781,Briano Dodd,Male,bdodd1d@fotki.com,710-590-0007,44 Fulton Alley,Russkiy,690922,Project Manager
729-08-1821,Hally Lawday,Female,hlawday1e@mail.ru,569-458-7200,8793 Norway Maple Alley,Pontal,14180-000,Graphic Designer
806-83-2548,Townie Pennetta,,tpennetta1f@soup.io,179-415-7777,4318 Hauk Drive,Černá Hora,679 21,Occupational Therapist
119-63-9318,Gene Buckmaster,Female,gbuckmaster1g@webnode.com,246-281-0763,50645 Bonner Way,Taldykorgan,,Assistant Manager
837-60-3752,Betta Pittendreigh,,bpittendreigh1h@unc.edu,315-425-5526,384 La Follette Alley,Göteborg,405 10,Software Consultant
451-72-7469,Lindsy Margiotta,,lmargiotta1i@state.gov,153-623-3326,821 Mendota Circle,Avignon,84913 CEDEX 9,Structural Analysis Engineer
519-29-9539,Danit Dinsell,Female,ddinsell1j@amazon.de,150-967-0264,657 Dapin Hill,Petropavlovsk,,Environmental Tech
519-91-9541,Shalom Guiden,Male,sguiden1k@quantcast.com,990-611-7959,9892 Union Place,Mariestad,542 73,Sales Representative
631-97-4805,Arthur Hopkyns,Male,ahopkyns1l@un.org,288-240-2851,35291 Hoffman Plaza,Yangdun,,Senior Quality Engineer
124-91-4439,Elsey Berrane,,eberrane1m@soup.io,816-133-4971,27908 Stephen Street,Bao’an,,Nuclear Power Engineer
509-86-5737,Ericha Hopfer,,ehopfer1n@google.nl,891-611-9925,6536 Longview Place,Dordrecht,3324,Office Assistant III
212-56-5846,Orly Deport,Female,odeport1o@hud.gov,921-380-7597,543 Packers Plaza,Lucé,28114 CEDEX,Help Desk Operator
681-06-0266,Danyelle Drewe,Female,ddrewe1p@tripadvisor.com,181-727-5165,2398 Drewry Crossing,Gaoqiao,,Editor
762-74-1861,Danell Hagart,,dhagart1q@upenn.edu,683-213-3686,03 Sunnyside Street,Passos,37900-000,Editor
400-99-6855,Jordan Melliard,Male,jmelliard1r@epa.gov,608-883-4404,069 Waxwing Circle,Tall Tamr,,Legal Assistant
407-73-9873,Tricia Banner,Female,tbanner1s@va.gov,106-760-1992,801 Moland Place,Yongledian,,Sales Associate
578-33-2781,Jacques Prin,Male,jprin1t@thetimes.co.uk,598-289-6239,9080 Mayfield Lane,Padangtepung,,Software Test Engineer IV
425-72-2721,Florrie Bordiss,Female,fbordiss1u@i2i.jp,250-663-1346,83956 East Lane,Huasahuasi,,Tax Accountant
480-20-5857,Lewes Riepl,,lriepl1v@tiny.cc,636-711-8872,6939 Dawn Lane,Aiguo,,Office Assistant II
890-96-0250,Ynez Hardson,Female,yhardson1w@eventbrite.com,732-709-3653,2 Pearson Center,Lebowakgomo,9640,Nuclear Power Engineer
587-98-1021,Deana Laraway,Female,dlaraway1x@issuu.com,228-800-3014,07 Carberry Court,Famagusta,,Physical Therapy Assistant
193-43-9832,Petrina Owain,Female,powain1y@cyberchimps.com,989-874-6787,67348 Leroy Park,Visconde do Rio Branco,36520-000,Environmental Specialist
130-88-6346,Kate Limpenny,,klimpenny1z@deviantart.com,981-809-0629,35010 Schmedeman Avenue,Koton Karifi,,Structural Analysis Engineer
169-75-4282,Nadeen Brahm,Non-binary,nbrahm20@blogtalkradio.com,196-214-4064,3 Birchwood Street,Puerto Madryn,9120,Biostatistician II
374-41-3572,Anders Dow,,adow21@nps.gov,291-535-7177,6 Butternut Trail,Kikerino,188420,Safety Technician II
136-67-3039,Elvira Mogie,Female,emogie22@stanford.edu,649-805-2284,98333 Forest Point,Ngangpo,,Senior Sales Associate
418-51-8079,Erin Longlands,,elonglands23@sfgate.com,388-182-6901,26917 Charing Cross Park,Białobrzegi,37-114,Engineer IV
798-73-6207,Kim Colquit,Female,kcolquit24@pbs.org,554-835-2214,5 Montana Park,Inđija,,Database Administrator IV
883-17-0086,Burty Mugridge,Male,bmugridge25@sfgate.com,105-988-6951,75 Corben Park,Situbondo,,Geologist IV
856-47-5916,Cele Enoksson,Female,cenoksson26@ask.com,603-958-1956,3184 Bay Circle,Novi Sad,,Database Administrator IV
